{
    "name": "DRPY_Crack",
    "main": "drpy.min.js",
    "type": "js",
    "general_input":[{
        "name": "夸克Cookie",
        "key": "public_quark_cookie",
        "describe":""
    },{
        "name": "阿里转存Token",
        "key": "public_ali_refresh_token",
        "describe":""
    },{
        "name": "115 Cookie",
        "key": "public_115_cookie",
        "describe":""
    },{
        "name": "阿里分享用AlistTVBox挂载",
        "key": "alist_share_switch",
        "describe":"",
        "type":"bool"
    },{
        "name": "夸克分享用AlistTVBox挂载",
        "key": "alist_share_quark_switch",
        "describe":"",
        "type":"bool"
    }]
}
